a + broad = abroad
abr + oad = abroad
abro + ad = abroad
abroa + d = abroad
ab + road = abroad
a + cross = across
acr + oss = across
acro + ss = across
acros + s = across
ac + ross = across
a + flame = aflame
aflam + e = aflame
afl + ame = aflame
afla + me = aflame
af + lame = aflame
a + lfred = alfred
al + fred = alfred
alfr + ed = alfred
alfre + d = alfred
alf + red = alfred
a + llude = allude
al + lude = allude
all + ude = allude
allu + de = allude
allud + e = allude
a + lmond = almond
almo + nd = almond
al + mond = almond
alm + ond = almond
almon + d = almond
a + medei = amedei
am + edei = amedei
amede + i = amedei
ame + dei = amedei
amed + ei = amedei
a + muser = amuser
am + user = amuser
amu + ser = amuser
amus + er = amuser
amuse + r = amuser
a + nkles = ankles
an + kles = ankles
ankle + s = ankles
ank + les = ankles
ankl + es = ankles
a + nthem = anthem
an + them = anthem
ant + hem = anthem
anth + em = anthem
anthe + m = anthem
a + ppeal = appeal
appe + al = appeal
appea + l = appeal
ap + peal = appeal
app + eal = appeal
a + rchan = archan
arc + han = archan
ar + chan = archan
archa + n = archan
arch + an = archan
a + scend = ascend
asce + nd = ascend
ascen + d = ascend
asc + end = ascend
as + cend = ascend
b + abies = babies
babi + es = babies
ba + bies = babies
bab + ies = babies
babie + s = babies
b + anked = banked
ban + ked = banked
bank + ed = banked
ba + nked = banked
banke + d = banked
b + arkis = barkis
bark + is = barkis
ba + rkis = barkis
barki + s = barkis
bar + kis = barkis
b + asalt = basalt
ba + salt = basalt
bas + alt = basalt
basa + lt = basalt
basal + t = basalt
be + etle = beetle
b + eetle = beetle
bee + tle = beetle
beetl + e = beetle
beet + le = beetle
be + long = belong
b + elong = belong
belon + g = belong
bel + ong = belong
belo + ng = belong
b + ishop = bishop
bish + op = bishop
bi + shop = bishop
bisho + p = bishop
bis + hop = bishop
bl + uish = bluish
b + luish = bluish
blu + ish = bluish
bluis + h = bluish
blui + sh = bluish
b + orrow = borrow
bor + row = borrow
borr + ow = borrow
bo + rrow = borrow
borro + w = borrow
b + ounce = bounce
bounc + e = bounce
bou + nce = bounce
boun + ce = bounce
bo + unce = bounce
bra + iny = brainy
b + rainy = brainy
br + ainy = brainy
brai + ny = brainy
brain + y = brainy
b + reast = breast
br + east = breast
breas + t = breast
brea + st = breast
bre + ast = breast
b + rooks = brooks
br + ooks = brooks
brook + s = brooks
broo + ks = brooks
bro + oks = brooks
buck + et = bucket
bu + cket = bucket
b + ucket = bucket
bucke + t = bucket
buc + ket = bucket
bu + tter = butter
b + utter = butter
butte + r = butter
but + ter = butter
butt + er = butter
bu + zzer = buzzer
b + uzzer = buzzer
buzze + r = buzzer
buzz + er = buzzer
buz + zer = buzzer
c + arton = carton
cart + on = carton
carto + n = carton
car + ton = carton
ca + rton = carton
c + hopin = chopin
ch + opin = chopin
chop + in = chopin
chopi + n = chopin
cho + pin = chopin
ci + tril = citril
c + itril = citril
citri + l = citril
cit + ril = citril
citr + il = citril
c + lient = client
cl + ient = client
clien + t = client
cli + ent = client
clie + nt = client
c + linic = clinic
cl + inic = clinic
cli + nic = clinic
clin + ic = clinic
clini + c = clinic
c + loaks = cloaks
cl + oaks = cloaks
cloa + ks = cloaks
cloak + s = cloaks
clo + aks = cloaks
c + lumsy = clumsy
cl + umsy = clumsy
clum + sy = clumsy
clu + msy = clumsy
clums + y = clumsy
co + ffee = coffee
c + offee = coffee
coff + ee = coffee
cof + fee = coffee
coffe + e = coffee
co + lony = colony
colo + ny = colony
c + olony = colony
col + ony = colony
colon + y = colony
co + mmon = common
c + ommon = common
com + mon = common
comm + on = common
commo + n = common
co + nnie = connie
c + onnie = connie
conn + ie = connie
conni + e = connie
con + nie = connie
co + sine = cosine
c + osine = cosine
cosin + e = cosine
cos + ine = cosine
cosi + ne = cosine
coyo + te = coyote
co + yote = coyote
c + oyote = coyote
coyot + e = coyote
coy + ote = coyote
c + uckoo = cuckoo
cu + ckoo = cuckoo
cucko + o = cuckoo
cuc + koo = cuckoo
cuck + oo = cuckoo
c + urtsy = curtsy
curt + sy = curtsy
cu + rtsy = curtsy
curts + y = curtsy
cur + tsy = curtsy
d + amned = damned
dam + ned = damned
damn + ed = damned
da + mned = damned
damne + d = damned
d + ecade = decade
de + cade = decade
deca + de = decade
decad + e = decade
dec + ade = decade
d + eftly = deftly
def + tly = deftly
de + ftly = deftly
deft + ly = deftly
deftl + y = deftly
d + emand = demand
de + mand = demand
dem + and = demand
dema + nd = demand
deman + d = demand
d + epict = depict
de + pict = depict
dep + ict = depict
depic + t = depict
depi + ct = depict
d + ibabs = dibabs
dibab + s = dibabs
di + babs = dibabs
diba + bs = dibabs
dib + abs = dibabs
d + icing = dicing
dicin + g = dicing
dici + ng = dicing
di + cing = dicing
dic + ing = dicing
d + inner = dinner
dinn + er = dinner
di + nner = dinner
din + ner = dinner
dinne + r = dinner
d + rinks = drinks
dri + nks = drinks
drink + s = drinks
drin + ks = drinks
dr + inks = drinks
d + uplex = duplex
duple + x = duplex
dupl + ex = duplex
du + plex = duplex
dup + lex = duplex
d + urham = durham
durha + m = durham
du + rham = durham
dur + ham = durham
durh + am = durham
e + lidir = elidir
elid + ir = elidir
eli + dir = elidir
el + idir = elidir
elidi + r = elidir
e + nrage = enrage
enra + ge = enrage
en + rage = enrage
enr + age = enrage
enrag + e = enrage
e + xeter = exeter
exet + er = exeter
ex + eter = exeter
exe + ter = exeter
exete + r = exeter
e + xhort = exhort
ex + hort = exhort
exho + rt = exhort
exhor + t = exhort
exh + ort = exhort
feede + r = feeder
f + eeder = feeder
fee + der = feeder
fe + eder = feeder
feed + er = feeder
f + emale = female
fem + ale = female
fema + le = female
fe + male = female
femal + e = female
f + ilter = filter
fi + lter = filter
filt + er = filter
fil + ter = filter
filte + r = filter
f + light = flight
fli + ght = flight
flig + ht = flight
fl + ight = flight
fligh + t = flight
for + get = forget
f + orget = forget
fo + rget = forget
forge + t = forget
forg + et = forget
f + ossil = fossil
fo + ssil = fossil
fos + sil = fossil
foss + il = fossil
fossi + l = fossil
f + oyers = foyers
foyer + s = foyers
fo + yers = foyers
foye + rs = foyers
foy + ers = foyers
gen + try = gentry
g + entry = gentry
ge + ntry = gentry
gentr + y = gentry
gent + ry = gentry
g + iblet = giblet
gib + let = giblet
gi + blet = giblet
gible + t = giblet
gibl + et = giblet
g + oogle = google
googl + e = google
goo + gle = google
go + ogle = google
goog + le = google
grave + s = graves
g + raves = graves
gra + ves = graves
gr + aves = graves
grav + es = graves
h + aggis = haggis
ha + ggis = haggis
hagg + is = haggis
haggi + s = haggis
hag + gis = haggis
h + anded = handed
ha + nded = handed
hande + d = handed
hand + ed = handed
han + ded = handed
h + annah = hannah
ha + nnah = hannah
hanna + h = hannah
hann + ah = hannah
han + nah = hannah
h + arley = harley
ha + rley = harley
harl + ey = harley
har + ley = harley
harle + y = harley
h + inney = hinney
hinn + ey = hinney
hi + nney = hinney
hin + ney = hinney
hinne + y = hinney
h + unter = hunter
hunt + er = hunter
hunte + r = hunter
hu + nter = hunter
hun + ter = hunter
imp + act = impact
i + mpact = impact
impa + ct = impact
im + pact = impact
impac + t = impact
imp + ede = impede
i + mpede = impede
im + pede = impede
imped + e = impede
impe + de = impede
in + dent = indent
i + ndent = indent
ind + ent = indent
inde + nt = indent
inden + t = indent
in + firm = infirm
i + nfirm = infirm
infi + rm = infirm
inf + irm = infirm
infir + m = infirm
i + sland = island
isla + nd = island
isl + and = island
is + land = island
islan + d = island
joyo + us = joyous
joyou + s = joyous
j + oyous = joyous
joy + ous = joyous
jo + yous = joyous
j + ustly = justly
jus + tly = justly
ju + stly = justly
just + ly = justly
justl + y = justly
k + odiak = kodiak
kodia + k = kodiak
kod + iak = kodiak
kodi + ak = kodiak
ko + diak = kodiak
ladde + r = ladder
l + adder = ladder
la + dder = ladder
ladd + er = ladder
lad + der = ladder
l + aptop = laptop
la + ptop = laptop
lap + top = laptop
lapt + op = laptop
lapto + p = laptop
l + aunch = launch
la + unch = launch
launc + h = launch
lau + nch = launch
laun + ch = launch
l + aying = laying
la + ying = laying
layin + g = laying
layi + ng = laying
lay + ing = laying
le + ader = leader
l + eader = leader
lead + er = leader
leade + r = leader
lea + der = leader
l + iable = liable
li + able = liable
lia + ble = liable
liabl + e = liable
liab + le = liable
l + ithic = lithic
lith + ic = lithic
li + thic = lithic
lit + hic = lithic
lithi + c = lithic
l + oosen = loosen
loose + n = loosen
loo + sen = loosen
loos + en = loosen
lo + osen = loosen
m + anage = manage
ma + nage = manage
mana + ge = manage
manag + e = manage
man + age = manage
m + anuka = manuka
ma + nuka = manuka
manuk + a = manuka
manu + ka = manuka
man + uka = manuka
m + artha = martha
mar + tha = martha
ma + rtha = martha
mart + ha = martha
marth + a = martha
m + arton = marton
mar + ton = marton
ma + rton = marton
mart + on = marton
marto + n = marton
m + asses = masses
mas + ses = masses
ma + sses = masses
mass + es = masses
masse + s = masses
m + innow = minnow
minn + ow = minnow
min + now = minnow
mi + nnow = minnow
minno + w = minnow
m + onths = months
mont + hs = months
month + s = months
mon + ths = months
mo + nths = months
mu + mbai = mumbai
m + umbai = mumbai
mumba + i = mumbai
mum + bai = mumbai
mumb + ai = mumbai
narro + w = narrow
n + arrow = narrow
nar + row = narrow
narr + ow = narrow
na + rrow = narrow
n + ature = nature
nat + ure = nature
natur + e = nature
natu + re = nature
na + ture = nature
n + itric = nitric
nitr + ic = nitric
nit + ric = nitric
ni + tric = nitric
nitri + c = nitric
n + uptse = nuptse
nup + tse = nuptse
nu + ptse = nuptse
nupts + e = nuptse
nupt + se = nuptse
o + biwan = obiwan
obiw + an = obiwan
obi + wan = obiwan
ob + iwan = obiwan
obiwa + n = obiwan
o + bject = object
obje + ct = object
obj + ect = object
ob + ject = object
objec + t = object
o + cular = ocular
ocula + r = ocular
ocu + lar = ocular
oc + ular = ocular
ocul + ar = ocular
ogmo + re = ogmore
o + gmore = ogmore
ogmor + e = ogmore
og + more = ogmore
ogm + ore = ogmore
o + utlet = outlet
outle + t = outlet
out + let = outlet
outl + et = outlet
ou + tlet = outlet
o + xford = oxford
oxf + ord = oxford
ox + ford = oxford
oxfo + rd = oxford
oxfor + d = oxford
pa + cify = pacify
p + acify = pacify
pac + ify = pacify
pacif + y = pacify
paci + fy = pacify
pa + llid = pallid
p + allid = pallid
palli + d = pallid
pal + lid = pallid
pall + id = pallid
pa + stie = pastie
p + astie = pastie
pas + tie = pastie
past + ie = pastie
pasti + e = pastie
pa + ving = paving
p + aving = paving
pavin + g = paving
pav + ing = paving
pavi + ng = paving
pe + eved = peeved
p + eeved = peeved
peev + ed = peeved
pee + ved = peeved
peeve + d = peeved
pel + ite = pelite
pe + lite = pelite
p + elite = pelite
pelit + e = pelite
peli + te = pelite
peppe + r = pepper
pe + pper = pepper
p + epper = pepper
pep + per = pepper
pepp + er = pepper
pe + trel = petrel
p + etrel = petrel
petre + l = petrel
pet + rel = petrel
petr + el = petrel
p + lanet = planet
plan + et = planet
plane + t = planet
pla + net = planet
pl + anet = planet
powd + er = powder
p + owder = powder
powde + r = powder
pow + der = powder
po + wder = powder
p + resto = presto
prest + o = presto
pre + sto = presto
pr + esto = presto
pres + to = presto
pro + ves = proves
p + roves = proves
pr + oves = proves
prov + es = proves
prove + s = proves
p + seudo = pseudo
pse + udo = pseudo
ps + eudo = pseudo
pseud + o = pseudo
pseu + do = pseudo
qu + eens = queens
q + ueens = queens
quee + ns = queens
que + ens = queens
queen + s = queens
qu + iver = quiver
qui + ver = quiver
q + uiver = quiver
quiv + er = quiver
quive + r = quiver
r + eflex = reflex
re + flex = reflex
refl + ex = reflex
ref + lex = reflex
refle + x = reflex
r + escue = rescue
resc + ue = rescue
re + scue = rescue
res + cue = rescue
rescu + e = rescue
ringe + r = ringer
r + inger = ringer
rin + ger = ringer
ri + nger = ringer
ring + er = ringer
r + ocket = rocket
roc + ket = rocket
rock + et = rocket
rocke + t = rocket
ro + cket = rocket
r + oster = roster
ros + ter = roster
rost + er = roster
ro + ster = roster
roste + r = roster
s + ample = sample
samp + le = sample
sampl + e = sample
sa + mple = sample
sam + ple = sample
s + arnia = sarnia
sar + nia = sarnia
sa + rnia = sarnia
sarn + ia = sarnia
sarni + a = sarnia
s + calby = scalby
scalb + y = scalby
sc + alby = scalby
scal + by = scalby
sca + lby = scalby
s + earch = search
se + arch = search
searc + h = search
sea + rch = search
sear + ch = search
shabb + y = shabby
s + habby = shabby
sh + abby = shabby
sha + bby = shabby
shab + by = shabby
s + hield = shield
sh + ield = shield
shi + eld = shield
shie + ld = shield
shiel + d = shield
s + hoddy = shoddy
sh + oddy = shoddy
sho + ddy = shoddy
shodd + y = shoddy
shod + dy = shoddy
s + hower = shower
sh + ower = shower
sho + wer = shower
showe + r = shower
show + er = shower
s + ignal = signal
signa + l = signal
si + gnal = signal
sig + nal = signal
sign + al = signal
s + ingle = single
sin + gle = single
singl + e = single
si + ngle = single
sing + le = single
s + kiing = skiing
skii + ng = skiing
skiin + g = skiing
sk + iing = skiing
ski + ing = skiing
s + lovak = slovak
slo + vak = slovak
slov + ak = slovak
sl + ovak = slovak
slova + k = slovak
s + moked = smoked
sm + oked = smoked
smoke + d = smoked
smok + ed = smoked
smo + ked = smoked
s + occer = soccer
soc + cer = soccer
socc + er = soccer
so + ccer = soccer
socce + r = soccer
s + odium = sodium
sodiu + m = sodium
sod + ium = sodium
so + dium = sodium
sodi + um = sodium
s + ponge = sponge
spo + nge = sponge
spong + e = sponge
sp + onge = sponge
spon + ge = sponge
s + taple = staple
stap + le = staple
sta + ple = staple
st + aple = staple
stapl + e = staple
s + teamy = steamy
steam + y = steamy
ste + amy = steamy
stea + my = steamy
st + eamy = steamy
s + trake = strake
str + ake = strake
st + rake = strake
strak + e = strake
stra + ke = strake
s + udoku = sudoku
su + doku = sudoku
sudo + ku = sudoku
sudok + u = sudoku
sud + oku = sudoku
s + ystem = system
sy + stem = system
sys + tem = system
syst + em = system
syste + m = system
t + aught = taught
taug + ht = taught
tau + ght = taught
taugh + t = taught
ta + ught = taught
t + hirty = thirty
thir + ty = thirty
thi + rty = thirty
thirt + y = thirty
th + irty = thirty
t + hrill = thrill
thri + ll = thrill
thr + ill = thrill
th + rill = thrill
thril + l = thrill
t + hroat = throat
throa + t = throat
thr + oat = throat
thro + at = throat
th + roat = throat
t + igger = tigger
ti + gger = tigger
tigge + r = tigger
tigg + er = tigger
tig + ger = tigger
t + ingly = tingly
tingl + y = tingly
tin + gly = tingly
ti + ngly = tingly
ting + ly = tingly
t + irade = tirade
ti + rade = tirade
tir + ade = tirade
tira + de = tirade
tirad + e = tirade
t + issue = tissue
tis + sue = tissue
ti + ssue = tissue
tissu + e = tissue
tiss + ue = tissue
t + omato = tomato
tom + ato = tomato
tomat + o = tomato
to + mato = tomato
toma + to = tomato
t + owhee = towhee
to + whee = towhee
towhe + e = towhee
towh + ee = towhee
tow + hee = towhee
t + rifle = trifle
trifl + e = trifle
trif + le = trifle
tr + ifle = trifle
tri + fle = trifle
t + romie = tromie
tromi + e = tromie
tr + omie = tromie
tro + mie = tromie
trom + ie = tromie
tryf + an = tryfan
t + ryfan = tryfan
tr + yfan = tryfan
tryfa + n = tryfan
try + fan = tryfan
u + nison = unison
uni + son = unison
unis + on = unison
un + ison = unison
uniso + n = unison
u + nwell = unwell
unw + ell = unwell
unwe + ll = unwell
un + well = unwell
unwel + l = unwell
u + ptown = uptown
up + town = uptown
upto + wn = uptown
upt + own = uptown
uptow + n = uptown
u + pward = upward
upwar + d = upward
up + ward = upward
upwa + rd = upward
upw + ard = upward
u + tmost = utmost
ut + most = utmost
utmo + st = utmost
utmos + t = utmost
utm + ost = utmost
va + cuum = vacuum
v + acuum = vacuum
vac + uum = vacuum
vacu + um = vacuum
vacuu + m = vacuum
vu + lcan = vulcan
v + ulcan = vulcan
vulc + an = vulcan
vulca + n = vulcan
vul + can = vulcan
well + ow = wellow
w + ellow = wellow
wel + low = wellow
wello + w = wellow
we + llow = wellow
wi + cked = wicked
wicke + d = wicked
w + icked = wicked
wick + ed = wicked
wic + ked = wicked
wi + lson = wilson
wilso + n = wilson
wil + son = wilson
w + ilson = wilson
wils + on = wilson
wi + lted = wilted
wil + ted = wilted
w + ilted = wilted
wilt + ed = wilted
wilte + d = wilted
win + kle = winkle
wink + le = winkle
wi + nkle = winkle
w + inkle = winkle
winkl + e = winkle
wool + er = wooler
w + ooler = wooler
woole + r = wooler
wo + oler = wooler
woo + ler = wooler
w + retch = wretch
wret + ch = wretch
wr + etch = wretch
wre + tch = wretch
wretc + h = wretch
wrymu + g = wrymug
wry + mug = wrymug
w + rymug = wrymug
wrym + ug = wrymug
wr + ymug = wrymug
y + awler = yawler
yaw + ler = yawler
yawle + r = yawler
ya + wler = yawler
yawl + er = yawler
yo + nder = yonder
y + onder = yonder
yonde + r = yonder
yon + der = yonder
yond + er = yonder
yo + rkie = yorkie
y + orkie = yorkie
yor + kie = yorkie
york + ie = yorkie
yorki + e = yorkie
zamb + ia = zambia
zambi + a = zambia
za + mbia = zambia
z + ambia = zambia
zam + bia = zambia
